timestamp,signal_id,value
2026-01-01 00:00:00,0,-0.7106315921373815
2026-01-01 00:00:01,1,1.3036910308855902
2026-01-01 00:00:02,2,0.04374459779333586
2026-01-01 00:00:03,3,-0.9938974105825764
2026-01-01 00:00:04,4,-1.587379807865498
2026-01-01 00:00:05,5,1.7661574263705726
2026-01-01 00:00:06,6,-1.079477420747877
2026-01-01 00:00:07,7,0.3883832042290556
2026-01-01 00:00:08,8,-0.5337957111735789
2026-01-01 00:00:09,9,2.16726652246412
2026-01-01 00:00:10,10,2.3610857310665843
2026-01-01 00:00:11,11,-0.5389574781789291
2026-01-01 00:00:12,12,0.5738056399612426
2026-01-01 00:00:13,13,1.880325120094904
2026-01-01 00:00:14,14,2.469397126531755
2026-01-01 00:00:15,15,-0.7191078592729311
2026-01-01 00:00:16,16,-0.4821541594156724
2026-01-01 00:00:17,17,-0.3006672662113057
2026-01-01 00:00:18,18,0.09577082452417911
2026-01-01 00:00:19,19,-0.3563072640370185
2026-01-01 00:00:20,20,1.1338909535241506
2026-01-01 00:00:21,21,-1.2242114907672408
2026-01-01 00:00:22,22,1.3170072470143241
2026-01-01 00:00:23,23,0.5510942885956391
2026-01-01 00:00:24,24,-0.17991131276564895
2026-01-01 00:00:25,25,0.16284970096021348
2026-01-01 00:00:26,26,-0.32281769148787043
2026-01-01 00:00:27,27,2.098113035261128
2026-01-01 00:00:28,28,0.745907745853673
2026-01-01 00:00:29,29,-0.9780518686572178
2026-01-01 00:00:30,30,0.97047023996486
2026-01-01 00:00:31,31,-0.8360620963783909
2026-01-01 00:00:32,32,-0.7898897423307587
2026-01-01 00:00:33,33,0.3183672108190824
2026-01-01 00:00:34,34,0.33534900584389954
2026-01-01 00:00:35,35,2.8081343740612117
2026-01-01 00:00:36,36,-0.49381821055179864
2026-01-01 00:00:37,37,0.0013593306041361243
2026-01-01 00:00:38,38,-0.38720698503097295
2026-01-01 00:00:39,39,0.7565672766456599
2026-01-01 00:00:40,40,0.3912246577564494
2026-01-01 00:00:41,41,-0.62007064033517
2026-01-01 00:00:42,42,-1.1839334101074863
2026-01-01 00:00:43,43,0.4531126614567121
2026-01-01 00:00:44,44,-0.42095665626754414
2026-01-01 00:00:45,45,-0.06253709688645452
2026-01-01 00:00:46,46,0.9270742517453147
2026-01-01 00:00:47,47,1.05229421597534
2026-01-01 00:00:48,48,-0.780269121940483
2026-01-01 00:00:49,49,0.3686857261751354
2026-01-01 00:00:50,50,-0.303431707509093
2026-01-01 00:00:51,51,0.09334308947280609
2026-01-01 00:00:52,52,-1.3906595970001483
2026-01-01 00:00:53,53,-0.31412222005134904
2026-01-01 00:00:54,54,1.0840167516142045
2026-01-01 00:00:55,55,1.0543725875670655
2026-01-01 00:00:56,56,-1.2232677783625228
2026-01-01 00:00:57,57,0.18693350881140677
2026-01-01 00:00:58,58,-0.10046707169759939
2026-01-01 00:00:59,59,1.4894524175413622
2026-01-01 00:01:00,60,0.9315902913000046
2026-01-01 00:01:01,61,-0.17692978190591224
2026-01-01 00:01:02,62,1.1178272781258802
2026-01-01 00:01:03,63,0.5399993420194896
2026-01-01 00:01:04,64,-1.07644676699016
2026-01-01 00:01:05,65,-0.08907748772352657
2026-01-01 00:01:06,66,0.3953432271901145
2026-01-01 00:01:07,67,0.8520895116465469
2026-01-01 00:01:08,68,-0.20983138894418743
2026-01-01 00:01:09,69,-0.1303917478289756
2026-01-01 00:01:10,70,0.29082200506491707
2026-01-01 00:01:11,71,2.082271739236066
2026-01-01 00:01:12,72,-0.4498027683152665
2026-01-01 00:01:13,73,0.032485527130284624
2026-01-01 00:01:14,74,0.4651570467771442
2026-01-01 00:01:15,75,-0.9779310400235162
2026-01-01 00:01:16,76,0.6219314483268452
2026-01-01 00:01:17,77,-0.9819172338126342
2026-01-01 00:01:18,78,-0.3533014429099696
2026-01-01 00:01:19,79,-0.2861343965415478
2026-01-01 00:01:20,80,-0.6077525649848611
2026-01-01 00:01:21,81,-0.4773407124577872
2026-01-01 00:01:22,82,-0.9389069744106413
2026-01-01 00:01:23,83,-1.69013244672467
2026-01-01 00:01:24,84,-0.5514913002703947
2026-01-01 00:01:25,85,1.491381270565053
2026-01-01 00:01:26,86,-0.2654926003322348
2026-01-01 00:01:27,87,1.0143723193590455
2026-01-01 00:01:28,88,1.9784904843931612
2026-01-01 00:01:29,89,0.4738163032197142
2026-01-01 00:01:30,90,0.8500585083069855
2026-01-01 00:01:31,91,1.6135885901669855
2026-01-01 00:01:32,92,-1.3223798437059928
2026-01-01 00:01:33,93,-0.35042884659617923
2026-01-01 00:01:34,94,-0.3266093289453536
2026-01-01 00:01:35,95,-0.6306557391359046
2026-01-01 00:01:36,96,-2.2887000482225517
2026-01-01 00:01:37,97,0.5472345253617057
2026-01-01 00:01:38,98,-0.0026799551791920144
2026-01-01 00:01:39,99,0.27365881750939114
2026-01-01 00:01:40,100,1.1038845708701444
2026-01-01 00:01:41,101,1.5416061935287435
2026-01-01 00:01:42,102,1.3020231128099942
2026-01-01 00:01:43,103,-0.04165014505124042
2026-01-01 00:01:44,104,-0.4744890230760818
2026-01-01 00:01:45,105,0.928421906545986
2026-01-01 00:01:46,106,1.4627206942012512
2026-01-01 00:01:47,107,-0.0738871613711708
2026-01-01 00:01:48,108,-0.13675678301283908
2026-01-01 00:01:49,109,0.9554240666462703
2026-01-01 00:01:50,110,0.07846595682421345
2026-01-01 00:01:51,111,-0.9602239254166153
2026-01-01 00:01:52,112,0.5347853235668117
2026-01-01 00:01:53,113,-0.1788468733160826
2026-01-01 00:01:54,114,-0.8235932521505825
2026-01-01 00:01:55,115,-1.055012479021085
2026-01-01 00:01:56,116,0.18062014557067796
2026-01-01 00:01:57,117,1.6290554815380147
2026-01-01 00:01:58,118,0.32852079325899536
2026-01-01 00:01:59,119,-0.33260252090396153
2026-01-01 00:02:00,120,0.19682961897480694
2026-01-01 00:02:01,121,0.12713498722575856
2026-01-01 00:02:02,122,0.06672156563679842
2026-01-01 00:02:03,123,1.5305298740272864
2026-01-01 00:02:04,124,1.5532831238047982
2026-01-01 00:02:05,125,-0.7686593337405064
2026-01-01 00:02:06,126,1.056420643985028
2026-01-01 00:02:07,127,-0.025374879668148213
2026-01-01 00:02:08,128,0.4034078509064683
2026-01-01 00:02:09,129,-1.4282540969494861
2026-01-01 00:02:10,130,-0.31370229374827396
2026-01-01 00:02:11,131,-0.048506722700397964
2026-01-01 00:02:12,132,0.24808084093925356
2026-01-01 00:02:13,133,-0.15988875543556316
2026-01-01 00:02:14,134,0.32823747234399253
2026-01-01 00:02:15,135,-0.5982068844032856
2026-01-01 00:02:16,136,-0.3944094934675864
2026-01-01 00:02:17,137,0.2585094362696032
2026-01-01 00:02:18,138,-0.459208223745392
2026-01-01 00:02:19,139,-1.2585735274507612
2026-01-01 00:02:20,140,0.8633528284479304
2026-01-01 00:02:21,141,2.248279944879562
2026-01-01 00:02:22,142,-0.9764519281795248
2026-01-01 00:02:23,143,0.20227382870684732
2026-01-01 00:02:24,144,-0.5872195000974665
2026-01-01 00:02:25,145,-0.17323381629298712
2026-01-01 00:02:26,146,0.8622447947310217
2026-01-01 00:02:27,147,0.18384631207788993
2026-01-01 00:02:28,148,-0.9540491113962493
2026-01-01 00:02:29,149,-0.19530367956223915
2026-01-01 00:02:30,150,-0.6907244703255299
2026-01-01 00:02:31,151,-0.6363407240462727
2026-01-01 00:02:32,152,1.391448492094
2026-01-01 00:02:33,153,-0.07213799365100981
2026-01-01 00:02:34,154,0.0552065439105516
2026-01-01 00:02:35,155,-0.9221832289926574
2026-01-01 00:02:36,156,1.3496493803261937
2026-01-01 00:02:37,157,0.3828491147407058
2026-01-01 00:02:38,158,0.11592904925782793
2026-01-01 00:02:39,159,0.012727575281931223
2026-01-01 00:02:40,160,0.8858149713899052
2026-01-01 00:02:41,161,0.9483540019314215
2026-01-01 00:02:42,162,1.2403193329318014
2026-01-01 00:02:43,163,-0.1274252005690715
2026-01-01 00:02:44,164,-0.259841019874039
2026-01-01 00:02:45,165,-0.6594535998849559
2026-01-01 00:02:46,166,-0.5537874493741395
2026-01-01 00:02:47,167,-1.5091352841345795
2026-01-01 00:02:48,168,-0.3696643542945421
2026-01-01 00:02:49,169,-1.190966635060225
2026-01-01 00:02:50,170,-0.9444393348780772
2026-01-01 00:02:51,171,-0.650800265706267
2026-01-01 00:02:52,172,-0.47804545560330547
2026-01-01 00:02:53,173,0.5450278985642617
2026-01-01 00:02:54,174,1.1220447590731324
2026-01-01 00:02:55,175,0.548811182444944
2026-01-01 00:02:56,176,0.9839082071885075
2026-01-01 00:02:57,177,-0.5945424902004958
2026-01-01 00:02:58,178,-1.0967328591144383
2026-01-01 00:02:59,179,0.3508943685469766
2026-01-01 00:03:00,180,-0.14124883666299579
2026-01-01 00:03:01,181,0.6385068755370565
2026-01-01 00:03:02,182,1.9328762564949367
2026-01-01 00:03:03,183,0.4443993594411095
2026-01-01 00:03:04,184,0.025627504736896494
2026-01-01 00:03:05,185,1.1184658525447486
2026-01-01 00:03:06,186,1.9913707910103773
2026-01-01 00:03:07,187,0.18203510496922193
2026-01-01 00:03:08,188,-1.194586828298817
2026-01-01 00:03:09,189,0.18862598064852196
2026-01-01 00:03:10,190,-0.5269216277011031
2026-01-01 00:03:11,191,1.2374509862420109
2026-01-01 00:03:12,192,0.3729522712989355
2026-01-01 00:03:13,193,0.9213703473301563
2026-01-01 00:03:14,194,-1.091640512762902
2026-01-01 00:03:15,195,-1.0726676862813147
2026-01-01 00:03:16,196,-1.3283737110777745
2026-01-01 00:03:17,197,-1.0169826853829744
2026-01-01 00:03:18,198,-0.734839696229856
2026-01-01 00:03:19,199,1.5630581781533284
2026-01-01 00:03:20,200,1.7857388669601142
2026-01-01 00:03:21,201,-0.35995516787263043
2026-01-01 00:03:22,202,0.9023341396661936
2026-01-01 00:03:23,203,0.39023327073631026
2026-01-01 00:03:24,204,-2.5772927796235012
2026-01-01 00:03:25,205,1.8416102259821583
2026-01-01 00:03:26,206,-0.919126268628341
2026-01-01 00:03:27,207,-0.7821801876947257
2026-01-01 00:03:28,208,-0.1490524628993573
2026-01-01 00:03:29,209,0.016753505000385915
2026-01-01 00:03:30,210,1.8825796522559992
2026-01-01 00:03:31,211,-1.3822038997163044
2026-01-01 00:03:32,212,-2.309377947075344
2026-01-01 00:03:33,213,-0.7678611753210224
2026-01-01 00:03:34,214,1.686896611816698
2026-01-01 00:03:35,215,-0.30345213548609073
2026-01-01 00:03:36,216,-0.3490513807308792
2026-01-01 00:03:37,217,-0.5419676951110307
2026-01-01 00:03:38,218,-0.37704066447199847
2026-01-01 00:03:39,219,1.0353682060206293
2026-01-01 00:03:40,220,0.33658451642414966
2026-01-01 00:03:41,221,0.027808485500053246
2026-01-01 00:03:42,222,0.8915841096622408
2026-01-01 00:03:43,223,-1.5305491800060964
2026-01-01 00:03:44,224,0.8268843725305681
2026-01-01 00:03:45,225,-0.3138378106777197
2026-01-01 00:03:46,226,-0.0795716378183432
2026-01-01 00:03:47,227,-0.8201478045485383
2026-01-01 00:03:48,228,-0.7199680844528823
2026-01-01 00:03:49,229,-0.704716781694623
2026-01-01 00:03:50,230,0.4308639688089381
2026-01-01 00:03:51,231,-0.5302542641364583
2026-01-01 00:03:52,232,-0.42546358761595715
2026-01-01 00:03:53,233,0.3279203474568587
2026-01-01 00:03:54,234,0.1359734310348496
2026-01-01 00:03:55,235,0.4930995714841173
2026-01-01 00:03:56,236,-0.2380254120392365
2026-01-01 00:03:57,237,-0.07565502640541355
2026-01-01 00:03:58,238,0.87768065583172
2026-01-01 00:03:59,239,-1.0482490114339518
2026-01-01 00:04:00,240,0.5178597702318276
2026-01-01 00:04:01,241,-0.6236943639489381
2026-01-01 00:04:02,242,-0.8814858737189006
2026-01-01 00:04:03,243,0.5082278646593515
2026-01-01 00:04:04,244,-0.09922414300101054
2026-01-01 00:04:05,245,-1.3744145495891111
2026-01-01 00:04:06,246,0.47212676982393514
2026-01-01 00:04:07,247,1.4435193139919567
2026-01-01 00:04:08,248,0.8508720207294147
2026-01-01 00:04:09,249,-0.18479341342978378
2026-01-01 00:04:10,250,3.2099865997772983
2026-01-01 00:04:11,251,-0.26235422426034494
2026-01-01 00:04:12,252,-0.6757669750031814
2026-01-01 00:04:13,253,2.182491285259769
2026-01-01 00:04:14,254,-0.3368361617642184
2026-01-01 00:04:15,255,0.7375444698934867
2026-01-01 00:04:16,256,-1.1831484447955087
2026-01-01 00:04:17,257,0.5345226501203115
2026-01-01 00:04:18,258,-1.1178331035930351
2026-01-01 00:04:19,259,0.0005165951975446771
2026-01-01 00:04:20,260,-0.2565007639174091
2026-01-01 00:04:21,261,1.7470772676152064
2026-01-01 00:04:22,262,-1.8668565530577919
2026-01-01 00:04:23,263,2.224627801818421
2026-01-01 00:04:24,264,-0.38941640761763824
2026-01-01 00:04:25,265,-0.2531254821394367
2026-01-01 00:04:26,266,-1.1233192893352426
2026-01-01 00:04:27,267,1.3454355062912131
2026-01-01 00:04:28,268,0.4320975973953931
2026-01-01 00:04:29,269,0.3136697329872585
2026-01-01 00:04:30,270,0.6264575439407668
2026-01-01 00:04:31,271,0.8580168151449865
2026-01-01 00:04:32,272,0.14417920712036425
2026-01-01 00:04:33,273,-0.12708890728656835
2026-01-01 00:04:34,274,0.6389496244120628
2026-01-01 00:04:35,275,-0.5241536742129337
2026-01-01 00:04:36,276,1.3416402926043927
2026-01-01 00:04:37,277,-0.11771673769625922
2026-01-01 00:04:38,278,0.6528627646034763
2026-01-01 00:04:39,279,-0.008622473943222294
2026-01-01 00:04:40,280,-0.9879718876861863
2026-01-01 00:04:41,281,1.126744802881684
2026-01-01 00:04:42,282,2.0041798086373634
2026-01-01 00:04:43,283,-1.2300060914503321
2026-01-01 00:04:44,284,-0.7504694750513412
2026-01-01 00:04:45,285,1.8872124398297847
2026-01-01 00:04:46,286,0.4496854296250249
2026-01-01 00:04:47,287,-0.11219605147149053
2026-01-01 00:04:48,288,0.15153994733864853
2026-01-01 00:04:49,289,-0.2711209032240208
2026-01-01 00:04:50,290,0.8100325175766532
2026-01-01 00:04:51,291,1.7194199290240821
2026-01-01 00:04:52,292,-0.17728680309506278
2026-01-01 00:04:53,293,-1.8198669493759492
2026-01-01 00:04:54,294,-2.211967779802598
2026-01-01 00:04:55,295,-0.18319377899313333
2026-01-01 00:04:56,296,-0.14169039222009977
2026-01-01 00:04:57,297,0.24333965867283108
2026-01-01 00:04:58,298,-1.612243890858322
2026-01-01 00:04:59,299,1.2134349814526384
2026-01-01 00:05:00,300,-0.26853823338556665
2026-01-01 00:05:01,301,-0.8120055987495381
2026-01-01 00:05:02,302,0.4638474572935766
2026-01-01 00:05:03,303,-0.46791042756525775
2026-01-01 00:05:04,304,0.639558445226283
2026-01-01 00:05:05,305,-1.1469389331838933
2026-01-01 00:05:06,306,-1.2772086030845193
2026-01-01 00:05:07,307,0.019519802434151988
2026-01-01 00:05:08,308,-0.37900317429426267
2026-01-01 00:05:09,309,-0.4574750593322339
2026-01-01 00:05:10,310,0.03293367404673989
2026-01-01 00:05:11,311,-1.2883794506643704
2026-01-01 00:05:12,312,-0.014360157767652312
2026-01-01 00:05:13,313,0.8269706411541865
2026-01-01 00:05:14,314,-1.2431090033946266
2026-01-01 00:05:15,315,1.0956090932835845
2026-01-01 00:05:16,316,-2.422956055756828
2026-01-01 00:05:17,317,0.5913560930472471
2026-01-01 00:05:18,318,1.0375470545859362
2026-01-01 00:05:19,319,0.7793440685311329
2026-01-01 00:05:20,320,-0.019959928177479002
2026-01-01 00:05:21,321,0.13985877975572222
2026-01-01 00:05:22,322,-0.33279759626004246
2026-01-01 00:05:23,323,-0.08136594166058769
2026-01-01 00:05:24,324,1.7282903509033625
2026-01-01 00:05:25,325,-1.1721545449854724
2026-01-01 00:05:26,326,-1.0148694975474222
2026-01-01 00:05:27,327,-1.9902009838592916
2026-01-01 00:05:28,328,0.8469844329873132
2026-01-01 00:05:29,329,1.494764719191891
2026-01-01 00:05:30,330,-0.21860875966060117
2026-01-01 00:05:31,331,-0.5113434538051083
2026-01-01 00:05:32,332,-0.3610164073916306
2026-01-01 00:05:33,333,0.19223352448691203
2026-01-01 00:05:34,334,0.11319516438214614
2026-01-01 00:05:35,335,0.20446949914553103
2026-01-01 00:05:36,336,0.767068795933686
2026-01-01 00:05:37,337,-1.723967348255088
2026-01-01 00:05:38,338,0.02300161315498978
2026-01-01 00:05:39,339,1.1972976595834297
2026-01-01 00:05:40,340,-1.1414180881427376
2026-01-01 00:05:41,341,1.3914401330741368
2026-01-01 00:05:42,342,0.48687581084390086
2026-01-01 00:05:43,343,-1.5835545955357377
2026-01-01 00:05:44,344,0.21928476274786826
2026-01-01 00:05:45,345,-1.1048284755140583
2026-01-01 00:05:46,346,-0.25840643638103167
2026-01-01 00:05:47,347,-0.1700252234164121
2026-01-01 00:05:48,348,1.0406139529551983
2026-01-01 00:05:49,349,-0.35496670752196746
2026-01-01 00:05:50,350,1.5354004819239775
2026-01-01 00:05:51,351,-1.4130589124790025
2026-01-01 00:05:52,352,0.6352857817112656
2026-01-01 00:05:53,353,0.5125798656052555
2026-01-01 00:05:54,354,0.029477504148925426
2026-01-01 00:05:55,355,-0.6183896504885117
2026-01-01 00:05:56,356,-1.5012251505459047
2026-01-01 00:05:57,357,-0.9764082754059964
2026-01-01 00:05:58,358,0.8408512016205515
2026-01-01 00:05:59,359,0.6691503203386641
2026-01-01 00:06:00,360,-0.3776280523693344
2026-01-01 00:06:01,361,-0.8823212165706819
2026-01-01 00:06:02,362,-1.4855865840736757
2026-01-01 00:06:03,363,0.552687331064714
2026-01-01 00:06:04,364,1.0029423822027752
2026-01-01 00:06:05,365,0.6249117712873578
2026-01-01 00:06:06,366,1.0874684070886542
2026-01-01 00:06:07,367,1.2275569828730337
2026-01-01 00:06:08,368,-0.6697290191128016
2026-01-01 00:06:09,369,0.10526627694470993
2026-01-01 00:06:10,370,-0.1624554018650058
2026-01-01 00:06:11,371,-0.5303257408281258
2026-01-01 00:06:12,372,0.30103101091325346
2026-01-01 00:06:13,373,-0.041117197196033024
2026-01-01 00:06:14,374,0.3240668585945168
2026-01-01 00:06:15,375,-2.145693369921749
2026-01-01 00:06:16,376,-1.229813981557882
2026-01-01 00:06:17,377,0.5111419176594352
2026-01-01 00:06:18,378,-2.1603784512198887
2026-01-01 00:06:19,379,-0.7360596081447686
2026-01-01 00:06:20,380,-1.4959790431910385
2026-01-01 00:06:21,381,0.8280930254054523
2026-01-01 00:06:22,382,-1.3007420167141892
2026-01-01 00:06:23,383,1.1404116920545857
2026-01-01 00:06:24,384,-0.2561808330275293
2026-01-01 00:06:25,385,0.4827071688290003
2026-01-01 00:06:26,386,-0.8867716619808397
2026-01-01 00:06:27,387,-0.4456016440575836
2026-01-01 00:06:28,388,-0.5394950658793698
2026-01-01 00:06:29,389,-1.383910101751779
2026-01-01 00:06:30,390,0.040027327352160864
2026-01-01 00:06:31,391,0.40414167054692945
2026-01-01 00:06:32,392,-1.7730637596257577
2026-01-01 00:06:33,393,0.2964295794436662
2026-01-01 00:06:34,394,-0.22619798655364423
2026-01-01 00:06:35,395,1.304326306220117
2026-01-01 00:06:36,396,-0.4560088355070851
2026-01-01 00:06:37,397,0.35655924666514405
2026-01-01 00:06:38,398,0.8669820455328531
2026-01-01 00:06:39,399,-1.0364586720133508
2026-01-01 00:06:40,400,-0.05066184585917348
2026-01-01 00:06:41,401,0.6227850318928315
2026-01-01 00:06:42,402,0.9724409792414862
2026-01-01 00:06:43,403,1.6712135889812716
2026-01-01 00:06:44,404,-1.006536670864162
2026-01-01 00:06:45,405,0.26323040468472514
2026-01-01 00:06:46,406,-1.1116816390301174
2026-01-01 00:06:47,407,0.6814015829175399
2026-01-01 00:06:48,408,1.372973283403492
2026-01-01 00:06:49,409,-0.3029929983876849
2026-01-01 00:06:50,410,-1.0959420625630787
2026-01-01 00:06:51,411,0.585756655443978
2026-01-01 00:06:52,412,-0.9069193807302808
2026-01-01 00:06:53,413,-1.816125500455637
2026-01-01 00:06:54,414,1.4474661938988584
2026-01-01 00:06:55,415,0.4207698718605584
2026-01-01 00:06:56,416,0.182997452121297
2026-01-01 00:06:57,417,0.9990177775040295
2026-01-01 00:06:58,418,-0.4581859744348597
2026-01-01 00:06:59,419,1.2127150137927218
2026-01-01 00:07:00,420,-1.411472765040977
2026-01-01 00:07:01,421,0.5701234836344404
2026-01-01 00:07:02,422,1.6554738167129024
2026-01-01 00:07:03,423,-1.8101846871886433
2026-01-01 00:07:04,424,-0.9293410438048662
2026-01-01 00:07:05,425,1.056984239343143
2026-01-01 00:07:06,426,0.8312955446222745
2026-01-01 00:07:07,427,-0.7216685004549748
2026-01-01 00:07:08,428,-1.0702730313192834
2026-01-01 00:07:09,429,0.7071240541993662
2026-01-01 00:07:10,430,-0.5656480431544358
2026-01-01 00:07:11,431,-1.9027644700050037
2026-01-01 00:07:12,432,0.39906079755280316
2026-01-01 00:07:13,433,-1.1201193139446128
2026-01-01 00:07:14,434,0.17698593744185617
2026-01-01 00:07:15,435,-0.6022908556710009
2026-01-01 00:07:16,436,-1.7271324648473936
2026-01-01 00:07:17,437,-1.909883740317942
2026-01-01 00:07:18,438,-0.3918875906882589
2026-01-01 00:07:19,439,-2.27481632172292
2026-01-01 00:07:20,440,0.4324356008520766
2026-01-01 00:07:21,441,1.465677756918538
2026-01-01 00:07:22,442,1.053412327314059
2026-01-01 00:07:23,443,0.6752638222180397
2026-01-01 00:07:24,444,-0.4019425586633138
2026-01-01 00:07:25,445,1.9118403522121685
2026-01-01 00:07:26,446,1.0313915851141309
2026-01-01 00:07:27,447,-0.37535490362892604
2026-01-01 00:07:28,448,0.2670709335508011
2026-01-01 00:07:29,449,0.4824687714711435
2026-01-01 00:07:30,450,0.12092265118566818
2026-01-01 00:07:31,451,-1.404484791484801
2026-01-01 00:07:32,452,2.074484151572492
2026-01-01 00:07:33,453,-1.4856525746814047
2026-01-01 00:07:34,454,-1.7165857701358775
2026-01-01 00:07:35,455,-1.3105108338251028
2026-01-01 00:07:36,456,-1.3131517720649593
2026-01-01 00:07:37,457,-1.03218622343448
2026-01-01 00:07:38,458,-0.7683911233283924
2026-01-01 00:07:39,459,-1.4453364581629944
2026-01-01 00:07:40,460,0.8950663069695671
2026-01-01 00:07:41,461,-0.37759379639082735
2026-01-01 00:07:42,462,0.022702930904599877
2026-01-01 00:07:43,463,0.30084815868205583
2026-01-01 00:07:44,464,1.6260953809633354
2026-01-01 00:07:45,465,-1.1536418054189337
2026-01-01 00:07:46,466,-0.5064753383603287
2026-01-01 00:07:47,467,-1.545117617319454
2026-01-01 00:07:48,468,-0.3581102619961518
2026-01-01 00:07:49,469,-0.7708295366895396
2026-01-01 00:07:50,470,-0.8373790827750062
2026-01-01 00:07:51,471,-0.47470368977410454
2026-01-01 00:07:52,472,-1.5162869344543415
2026-01-01 00:07:53,473,0.509428894785281
2026-01-01 00:07:54,474,0.5987973406098934
2026-01-01 00:07:55,475,-0.12314439001092109
2026-01-01 00:07:56,476,-0.44464926834442825
2026-01-01 00:07:57,477,0.4495723443252085
2026-01-01 00:07:58,478,0.9426964479945039
2026-01-01 00:07:59,479,-0.1339190295291068
2026-01-01 00:08:00,480,-1.4713845771426732
2026-01-01 00:08:01,481,-1.02691135221237
2026-01-01 00:08:02,482,-0.9319451748560302
2026-01-01 00:08:03,483,-0.6444026888070491
2026-01-01 00:08:04,484,-1.9444313003623386
2026-01-01 00:08:05,485,0.06528956643768523
2026-01-01 00:08:06,486,-0.49390188066147334
2026-01-01 00:08:07,487,-0.6752770791398192
2026-01-01 00:08:08,488,-0.20680956742261486
2026-01-01 00:08:09,489,-0.47447984184155517
2026-01-01 00:08:10,490,-0.12326217611787647
2026-01-01 00:08:11,491,1.3531109083526607
2026-01-01 00:08:12,492,0.9162495664592767
2026-01-01 00:08:13,493,0.2039512068722066
2026-01-01 00:08:14,494,-1.1937015760132677
2026-01-01 00:08:15,495,0.5399582731816095
2026-01-01 00:08:16,496,-0.33279507302969413
2026-01-01 00:08:17,497,-1.4127368978836454
2026-01-01 00:08:18,498,-1.2659399895766035
2026-01-01 00:08:19,499,0.443831243682301
2026-01-01 00:08:20,500,1.6809907767583534
2026-01-01 00:08:21,501,-0.23661821055488047
2026-01-01 00:08:22,502,-0.026146442380574047
2026-01-01 00:08:23,503,1.299354679295046
2026-01-01 00:08:24,504,-1.1481403678592543
2026-01-01 00:08:25,505,-0.5377370184798947
2026-01-01 00:08:26,506,-0.9028997448345851
2026-01-01 00:08:27,507,-0.3640836413565302
2026-01-01 00:08:28,508,-0.26946776204202894
2026-01-01 00:08:29,509,0.8341720084355779
2026-01-01 00:08:30,510,0.5640975021406615
2026-01-01 00:08:31,511,0.20831759137080835
2026-01-01 00:08:32,512,-0.9761181631092752
2026-01-01 00:08:33,513,-0.7465181702768122
2026-01-01 00:08:34,514,-0.6839817352433194
2026-01-01 00:08:35,515,-0.27373197798565085
2026-01-01 00:08:36,516,0.07981288804724013
2026-01-01 00:08:37,517,1.075201109833818
2026-01-01 00:08:38,518,0.9422785414807355
2026-01-01 00:08:39,519,-0.6243210957226731
2026-01-01 00:08:40,520,1.406413507077268
2026-01-01 00:08:41,521,0.4228958890799038
2026-01-01 00:08:42,522,-0.8646327781992694
2026-01-01 00:08:43,523,1.0773695867142972
2026-01-01 00:08:44,524,1.1260693449908494
2026-01-01 00:08:45,525,1.679196993364609
2026-01-01 00:08:46,526,-1.438105469220536
2026-01-01 00:08:47,527,1.3665224350493959
2026-01-01 00:08:48,528,-0.49495345168873756
2026-01-01 00:08:49,529,0.12665508466053269
2026-01-01 00:08:50,530,-0.5870651174163817
2026-01-01 00:08:51,531,-0.08069927240278225
2026-01-01 00:08:52,532,-0.7439123823747944
2026-01-01 00:08:53,533,-0.23485985884822805
2026-01-01 00:08:54,534,-0.3567919971316599
2026-01-01 00:08:55,535,-0.2951211143027739
2026-01-01 00:08:56,536,-0.4135772023526185
2026-01-01 00:08:57,537,-2.6425094888445293
2026-01-01 00:08:58,538,0.07279551202997431
2026-01-01 00:08:59,539,0.5043282564405968
2026-01-01 00:09:00,540,1.1182613750333823
2026-01-01 00:09:01,541,-0.5078613180039897
2026-01-01 00:09:02,542,-1.359097933103316
2026-01-01 00:09:03,543,-1.637537240011271
2026-01-01 00:09:04,544,-0.8600468731205728
2026-01-01 00:09:05,545,0.1454203751535159
2026-01-01 00:09:06,546,-0.829017477261607
2026-01-01 00:09:07,547,0.18102104903650787
2026-01-01 00:09:08,548,-0.7353331782582369
2026-01-01 00:09:09,549,1.2481105013806362
2026-01-01 00:09:10,550,-0.05806029906843043
2026-01-01 00:09:11,551,0.2597986547070802
2026-01-01 00:09:12,552,0.5371832020500842
2026-01-01 00:09:13,553,-1.0399681481787
2026-01-01 00:09:14,554,-0.9279066837053312
2026-01-01 00:09:15,555,0.4580332869014834
2026-01-01 00:09:16,556,1.9475316953729565
2026-01-01 00:09:17,557,-0.027298617612588543
2026-01-01 00:09:18,558,-0.46887608420887245
2026-01-01 00:09:19,559,-1.6808888434683724
2026-01-01 00:09:20,560,-0.26434284388642304
2026-01-01 00:09:21,561,1.7348547493991953
2026-01-01 00:09:22,562,0.6356355950335182
2026-01-01 00:09:23,563,0.21773876471982878
2026-01-01 00:09:24,564,-0.9186868355689344
2026-01-01 00:09:25,565,-0.04449598216935386
2026-01-01 00:09:26,566,-0.4339764469869111
2026-01-01 00:09:27,567,1.3412879803881759
2026-01-01 00:09:28,568,-1.045844938039981
2026-01-01 00:09:29,569,0.8638294632638793
2026-01-01 00:09:30,570,1.790026265428477
2026-01-01 00:09:31,571,-0.599136219840597
2026-01-01 00:09:32,572,0.2589292492009712
2026-01-01 00:09:33,573,0.9254305754272223
2026-01-01 00:09:34,574,0.998603563191383
2026-01-01 00:09:35,575,-0.5198727942656767
2026-01-01 00:09:36,576,-0.5300635097989346
2026-01-01 00:09:37,577,0.6879796691231973
2026-01-01 00:09:38,578,-0.6571227220896488
2026-01-01 00:09:39,579,1.0344356319364194
2026-01-01 00:09:40,580,-0.1333624186745506
2026-01-01 00:09:41,581,-0.155274318459423
2026-01-01 00:09:42,582,-0.5745891842115164
2026-01-01 00:09:43,583,-0.06446315277777871
2026-01-01 00:09:44,584,1.1822425339271785
2026-01-01 00:09:45,585,1.7420357105447917
2026-01-01 00:09:46,586,0.4488163584161039
2026-01-01 00:09:47,587,0.8297744502091403
2026-01-01 00:09:48,588,-0.5535024219754177
2026-01-01 00:09:49,589,0.5703456735977523
2026-01-01 00:09:50,590,1.7001084048467328
2026-01-01 00:09:51,591,-0.2848988602858387
2026-01-01 00:09:52,592,0.4732629150685664
2026-01-01 00:09:53,593,0.2610592574935778
2026-01-01 00:09:54,594,-0.3032356037149223
2026-01-01 00:09:55,595,0.05933852056956612
2026-01-01 00:09:56,596,0.30531094534904424
2026-01-01 00:09:57,597,-0.3525580369062511
2026-01-01 00:09:58,598,-0.20863826873571037
2026-01-01 00:09:59,599,0.1154816884722467
2026-01-01 00:10:00,600,1.4218392342616004
2026-01-01 00:10:01,601,-0.6994290728531953
2026-01-01 00:10:02,602,1.0448324677585998
2026-01-01 00:10:03,603,0.8351204879035538
2026-01-01 00:10:04,604,-0.2474483847065856
2026-01-01 00:10:05,605,0.8547503536248832
2026-01-01 00:10:06,606,-0.3899688822534766
2026-01-01 00:10:07,607,0.6267982707720456
2026-01-01 00:10:08,608,-0.21007824759873492
2026-01-01 00:10:09,609,-0.055315161204291294
2026-01-01 00:10:10,610,-1.7046948270359998
2026-01-01 00:10:11,611,0.5332927742687085
2026-01-01 00:10:12,612,0.7585065294495911
2026-01-01 00:10:13,613,1.338999900235498
2026-01-01 00:10:14,614,-2.2071863437264287
2026-01-01 00:10:15,615,1.267757553517421
2026-01-01 00:10:16,616,1.6490172388372106
2026-01-01 00:10:17,617,-0.5686579013056327
2026-01-01 00:10:18,618,-0.5234401177752496
2026-01-01 00:10:19,619,-0.6730121409863667
2026-01-01 00:10:20,620,-0.6109259025143037
2026-01-01 00:10:21,621,0.8198276698056776
2026-01-01 00:10:22,622,-0.008832388028565301
2026-01-01 00:10:23,623,-0.25647192122111795
2026-01-01 00:10:24,624,-2.6782992757797044
2026-01-01 00:10:25,625,-0.33620861142613023
2026-01-01 00:10:26,626,1.6015910808849887
2026-01-01 00:10:27,627,-0.7086189043076727
2026-01-01 00:10:28,628,-1.7519885206523869
2026-01-01 00:10:29,629,0.2695782987009143
2026-01-01 00:10:30,630,-1.4410980502866793
2026-01-01 00:10:31,631,1.1716449323223328
2026-01-01 00:10:32,632,0.7925692687871313
2026-01-01 00:10:33,633,0.6529977432521191
2026-01-01 00:10:34,634,-1.1346280470961378
2026-01-01 00:10:35,635,-0.43346227094765066
2026-01-01 00:10:36,636,0.0946015498496191
2026-01-01 00:10:37,637,0.5804925377494349
2026-01-01 00:10:38,638,0.6569797151077327
2026-01-01 00:10:39,639,0.17276906271152268
2026-01-01 00:10:40,640,-1.0454244829195067
2026-01-01 00:10:41,641,0.2560626605302536
2026-01-01 00:10:42,642,-0.7332581593552426
2026-01-01 00:10:43,643,-0.36834757961130415
2026-01-01 00:10:44,644,0.5816913430260826
2026-01-01 00:10:45,645,-0.1820913981990316
2026-01-01 00:10:46,646,0.09296957363907121
2026-01-01 00:10:47,647,1.6303615452795346
2026-01-01 00:10:48,648,-1.661067027069512
2026-01-01 00:10:49,649,-0.15636893789258643
2026-01-01 00:10:50,650,-0.8469481588210654
2026-01-01 00:10:51,651,1.1234807742908273
2026-01-01 00:10:52,652,-0.6931836040357611
2026-01-01 00:10:53,653,2.2010833855151484
2026-01-01 00:10:54,654,-0.7852899067349746
2026-01-01 00:10:55,655,0.31771763133982295
2026-01-01 00:10:56,656,-1.0973934591066108
2026-01-01 00:10:57,657,-0.8306489372699378
2026-01-01 00:10:58,658,-1.4235069116709522
2026-01-01 00:10:59,659,1.2656086215565692
2026-01-01 00:11:00,660,1.215942050946316
2026-01-01 00:11:01,661,1.3678601837935414
2026-01-01 00:11:02,662,-0.4399009867480493
2026-01-01 00:11:03,663,0.6616691844354641
2026-01-01 00:11:04,664,0.1415957035102768
2026-01-01 00:11:05,665,-0.6708142749439928
2026-01-01 00:11:06,666,0.8732537996234232
2026-01-01 00:11:07,667,-0.09075872640579141
2026-01-01 00:11:08,668,-1.377084253093311
2026-01-01 00:11:09,669,-0.8733722367790278
2026-01-01 00:11:10,670,-0.07732520408965017
2026-01-01 00:11:11,671,0.32208735083834
2026-01-01 00:11:12,672,0.22572642889680314
2026-01-01 00:11:13,673,-1.3731588005836155
2026-01-01 00:11:14,674,2.8583058836215858
2026-01-01 00:11:15,675,-0.4910674403300762
2026-01-01 00:11:16,676,-0.17001177129854952
2026-01-01 00:11:17,677,1.035088637537592
2026-01-01 00:11:18,678,2.5013206416387157
2026-01-01 00:11:19,679,-0.20400914782739854
2026-01-01 00:11:20,680,-0.36962841517520206
2026-01-01 00:11:21,681,-0.6504364824697205
2026-01-01 00:11:22,682,1.0736453170415603
2026-01-01 00:11:23,683,-1.8357114624279955
2026-01-01 00:11:24,684,0.18686485253572704
2026-01-01 00:11:25,685,0.2957485828838136
2026-01-01 00:11:26,686,1.2458657778790487
2026-01-01 00:11:27,687,-1.184458022395149
2026-01-01 00:11:28,688,-0.8607080267618553
2026-01-01 00:11:29,689,-0.19029960776949176
2026-01-01 00:11:30,690,-2.231167217255856
2026-01-01 00:11:31,691,0.3494172223820679
2026-01-01 00:11:32,692,-0.3856744842195601
2026-01-01 00:11:33,693,0.36978508361093426
2026-01-01 00:11:34,694,-1.2318194669188975
2026-01-01 00:11:35,695,-0.03317811086876475
2026-01-01 00:11:36,696,-1.4314305941488772
2026-01-01 00:11:37,697,-0.9335136289982967
2026-01-01 00:11:38,698,0.8902339637697498
2026-01-01 00:11:39,699,0.3444840638153991
2026-01-01 00:11:40,700,1.2665981520779326
2026-01-01 00:11:41,701,1.1020560328079168
2026-01-01 00:11:42,702,-0.19280690962021937
2026-01-01 00:11:43,703,0.3193279907507022
2026-01-01 00:11:44,704,-0.15108557131639058
2026-01-01 00:11:45,705,0.6734878851444102
2026-01-01 00:11:46,706,1.454269172211428
2026-01-01 00:11:47,707,0.3301131848671425
2026-01-01 00:11:48,708,1.1947663895243164
2026-01-01 00:11:49,709,-1.8445395298844434
2026-01-01 00:11:50,710,-0.852788384723491
2026-01-01 00:11:51,711,0.5578616878843625
2026-01-01 00:11:52,712,-1.4693052284091093
2026-01-01 00:11:53,713,-0.7966216944441514
2026-01-01 00:11:54,714,-1.278501740868133
2026-01-01 00:11:55,715,0.27926807195555287
2026-01-01 00:11:56,716,2.4665529608963164
2026-01-01 00:11:57,717,0.35499766577403313
2026-01-01 00:11:58,718,-0.15539182039573002
2026-01-01 00:11:59,719,-0.23048067578147957
2026-01-01 00:12:00,720,-0.4135822717088292
2026-01-01 00:12:01,721,0.7107019648583977
2026-01-01 00:12:02,722,0.9784542399449522
2026-01-01 00:12:03,723,-0.3594748215160687
2026-01-01 00:12:04,724,0.23796887275362588
2026-01-01 00:12:05,725,0.32687296334897586
2026-01-01 00:12:06,726,0.02326893507147781
2026-01-01 00:12:07,727,-0.8399376948697395
2026-01-01 00:12:08,728,1.5157355588241752
2026-01-01 00:12:09,729,0.300072434839567
2026-01-01 00:12:10,730,0.04617481427388674
2026-01-01 00:12:11,731,0.7239200480634264
2026-01-01 00:12:12,732,-1.3294051352624299
2026-01-01 00:12:13,733,1.3212826622601501
2026-01-01 00:12:14,734,-0.008982971869404338
2026-01-01 00:12:15,735,0.7966701029406157
2026-01-01 00:12:16,736,0.609489850965766
2026-01-01 00:12:17,737,-0.6502449555375291
2026-01-01 00:12:18,738,1.284411858012121
2026-01-01 00:12:19,739,0.3821958299103217
2026-01-01 00:12:20,740,0.12287628901847981
2026-01-01 00:12:21,741,0.7653821899360184
2026-01-01 00:12:22,742,0.38804340490832107
2026-01-01 00:12:23,743,0.2732975194010401
2026-01-01 00:12:24,744,0.032225956636924194
2026-01-01 00:12:25,745,-1.2181927854003058
2026-01-01 00:12:26,746,-1.0228134901924157
2026-01-01 00:12:27,747,-1.0784222262527339
2026-01-01 00:12:28,748,0.23975632004671307
2026-01-01 00:12:29,749,-0.4652722096817156
2026-01-01 00:12:30,750,-0.3415705726101431
2026-01-01 00:12:31,751,2.0586891092283452
2026-01-01 00:12:32,752,-0.32512467252926
2026-01-01 00:12:33,753,0.4978787124614504
2026-01-01 00:12:34,754,-0.08525946992554098
2026-01-01 00:12:35,755,-0.23904529014749648
2026-01-01 00:12:36,756,-0.10180380531858249
2026-01-01 00:12:37,757,-0.6225459306484376
2026-01-01 00:12:38,758,-0.39452796868218104
2026-01-01 00:12:39,759,1.2405942802171412
2026-01-01 00:12:40,760,-1.2076969585403865
2026-01-01 00:12:41,761,0.15944393396965623
2026-01-01 00:12:42,762,0.745010327530017
2026-01-01 00:12:43,763,-0.8454507786540264
2026-01-01 00:12:44,764,-0.08414334748549308
2026-01-01 00:12:45,765,1.5508918173169366
2026-01-01 00:12:46,766,0.6162879483055366
2026-01-01 00:12:47,767,-0.1283333715222234
2026-01-01 00:12:48,768,-1.576834187129283
2026-01-01 00:12:49,769,0.42369183458197107
2026-01-01 00:12:50,770,-1.4812001721081722
2026-01-01 00:12:51,771,0.07195802234701797
2026-01-01 00:12:52,772,0.3004971197532501
2026-01-01 00:12:53,773,0.09270178714678023
2026-01-01 00:12:54,774,0.8625101244929614
2026-01-01 00:12:55,775,0.5787357605872967
2026-01-01 00:12:56,776,-1.2312835494004664
2026-01-01 00:12:57,777,-0.53662220043941
2026-01-01 00:12:58,778,2.913638972040899
2026-01-01 00:12:59,779,-0.6640291782881715
2026-01-01 00:13:00,780,0.23802206191942668
2026-01-01 00:13:01,781,0.4010224157625361
2026-01-01 00:13:02,782,-0.5003800743956822
2026-01-01 00:13:03,783,1.561277637517157
2026-01-01 00:13:04,784,-0.7665634335062667
2026-01-01 00:13:05,785,-0.22191952522154115
2026-01-01 00:13:06,786,0.7278671934905324
2026-01-01 00:13:07,787,-2.1219079368246265
2026-01-01 00:13:08,788,0.5020994133136932
2026-01-01 00:13:09,789,-0.7576380714248427
2026-01-01 00:13:10,790,-1.1768471785545846
2026-01-01 00:13:11,791,-1.6055137669470292
2026-01-01 00:13:12,792,-0.14892963404555076
2026-01-01 00:13:13,793,-1.2264743354979342
2026-01-01 00:13:14,794,-1.7453743090294183
2026-01-01 00:13:15,795,0.9531381948300984
2026-01-01 00:13:16,796,0.4045977217815688
2026-01-01 00:13:17,797,1.2341543847510306
2026-01-01 00:13:18,798,1.848706850750876
2026-01-01 00:13:19,799,0.7324812955637657
2026-01-01 00:13:20,800,0.17447633165564563
2026-01-01 00:13:21,801,-0.4438568713710971
2026-01-01 00:13:22,802,-0.6664044649606451
2026-01-01 00:13:23,803,1.1414505095605874
2026-01-01 00:13:24,804,0.2945461527995706
2026-01-01 00:13:25,805,-0.3502571704355501
2026-01-01 00:13:26,806,-1.8041330758165326
2026-01-01 00:13:27,807,0.5405407671429563
2026-01-01 00:13:28,808,0.6092397104731057
2026-01-01 00:13:29,809,-0.5255474139034231
2026-01-01 00:13:30,810,-0.28378732140273266
2026-01-01 00:13:31,811,-1.9606991077089586
2026-01-01 00:13:32,812,0.3742670814459164
2026-01-01 00:13:33,813,0.9153023846848227
2026-01-01 00:13:34,814,-0.678340659273853
2026-01-01 00:13:35,815,1.0678426334036049
2026-01-01 00:13:36,816,-1.4338293449803916
2026-01-01 00:13:37,817,1.2780310767471448
2026-01-01 00:13:38,818,0.20551131548715998
2026-01-01 00:13:39,819,0.4006542290981632
2026-01-01 00:13:40,820,1.1217893198917117
2026-01-01 00:13:41,821,0.002650893705270229
2026-01-01 00:13:42,822,-0.5535462908036871
2026-01-01 00:13:43,823,-0.7889819519763359
2026-01-01 00:13:44,824,0.25853021146808924
2026-01-01 00:13:45,825,-0.00598486738500976
2026-01-01 00:13:46,826,0.12757399357328475
2026-01-01 00:13:47,827,0.5088072586929614
2026-01-01 00:13:48,828,-1.0266165980150472
2026-01-01 00:13:49,829,-0.49457056155291484
2026-01-01 00:13:50,830,-0.5459589195284867
2026-01-01 00:13:51,831,-0.40964129327175197
2026-01-01 00:13:52,832,0.44560657977744683
2026-01-01 00:13:53,833,0.27992679795120085
2026-01-01 00:13:54,834,-0.40506878738670404
2026-01-01 00:13:55,835,0.22258621284153457
2026-01-01 00:13:56,836,0.7291754233432073
2026-01-01 00:13:57,837,0.028809481966486722
2026-01-01 00:13:58,838,-0.605560706200411
2026-01-01 00:13:59,839,0.3979342034669146
2026-01-01 00:14:00,840,-0.5683107652971803
2026-01-01 00:14:01,841,-0.6450421883044559
2026-01-01 00:14:02,842,-1.3962722886407308
2026-01-01 00:14:03,843,-0.44935408625614426
2026-01-01 00:14:04,844,-1.829498931956854
2026-01-01 00:14:05,845,1.8313611332483477
2026-01-01 00:14:06,846,-0.8107197172022984
2026-01-01 00:14:07,847,1.4152783156056796
2026-01-01 00:14:08,848,-0.49506148852678583
2026-01-01 00:14:09,849,0.5855342398842844
2026-01-01 00:14:10,850,-0.011099682756410571
2026-01-01 00:14:11,851,0.9123736174151853
2026-01-01 00:14:12,852,-1.0842650486108927
2026-01-01 00:14:13,853,-1.0261956186265895
2026-01-01 00:14:14,854,0.8676621202950542
2026-01-01 00:14:15,855,1.0817430699592558
2026-01-01 00:14:16,856,1.2377628799631564
2026-01-01 00:14:17,857,-0.1349840325884075
2026-01-01 00:14:18,858,0.5120794697869181
2026-01-01 00:14:19,859,1.7628249433138132
2026-01-01 00:14:20,860,0.36944068821453646
2026-01-01 00:14:21,861,-0.29419581996984817
2026-01-01 00:14:22,862,0.22440250218632737
2026-01-01 00:14:23,863,0.8504753550549929
2026-01-01 00:14:24,864,-1.5512456466924174
2026-01-01 00:14:25,865,-0.6103074562929349
2026-01-01 00:14:26,866,1.6221714919501007
2026-01-01 00:14:27,867,-0.2662985733475521
2026-01-01 00:14:28,868,0.0679275048972805
2026-01-01 00:14:29,869,0.4945829080413187
2026-01-01 00:14:30,870,1.506999455942214
2026-01-01 00:14:31,871,-1.3626826398128609
2026-01-01 00:14:32,872,-0.07962911002030136
2026-01-01 00:14:33,873,0.33178730621408503
2026-01-01 00:14:34,874,2.3298227326569863
2026-01-01 00:14:35,875,0.1873630917351393
2026-01-01 00:14:36,876,-0.5186142662041806
2026-01-01 00:14:37,877,-0.7324283008867222
2026-01-01 00:14:38,878,-1.0471831606015929
2026-01-01 00:14:39,879,0.3575458407647334
2026-01-01 00:14:40,880,1.3777207995108285
2026-01-01 00:14:41,881,-0.30791391045093747
2026-01-01 00:14:42,882,0.8585301663330286
2026-01-01 00:14:43,883,0.4195896622941148
2026-01-01 00:14:44,884,0.3246641187675755
2026-01-01 00:14:45,885,1.1499529555124148
2026-01-01 00:14:46,886,-0.2954153753527542
2026-01-01 00:14:47,887,-0.06592293265614001
2026-01-01 00:14:48,888,0.10403261250720662
2026-01-01 00:14:49,889,-0.04220514996082117
2026-01-01 00:14:50,890,0.3423343969114195
2026-01-01 00:14:51,891,1.3821553755977878
2026-01-01 00:14:52,892,1.1656767129102588
2026-01-01 00:14:53,893,-1.065792096579604
2026-01-01 00:14:54,894,-0.5814386148474968
2026-01-01 00:14:55,895,-0.3497015221224568
2026-01-01 00:14:56,896,-0.3814723887831015
2026-01-01 00:14:57,897,-0.8435233313630717
2026-01-01 00:14:58,898,1.6914038280751427
2026-01-01 00:14:59,899,-0.006669639625142295
2026-01-01 00:15:00,900,-0.9974688301098008
2026-01-01 00:15:01,901,0.8354979261678144
2026-01-01 00:15:02,902,-0.48777539656716695
2026-01-01 00:15:03,903,0.4430404653855898
2026-01-01 00:15:04,904,0.7206462097800936
2026-01-01 00:15:05,905,0.5946470544450289
2026-01-01 00:15:06,906,1.21164642770624
2026-01-01 00:15:07,907,0.20288330384574033
2026-01-01 00:15:08,908,-0.5359437162622621
2026-01-01 00:15:09,909,0.5990328987164828
2026-01-01 00:15:10,910,-0.30284788605096846
2026-01-01 00:15:11,911,-0.9790905510735688
2026-01-01 00:15:12,912,-0.9402251016297074
2026-01-01 00:15:13,913,0.15475686290172164
2026-01-01 00:15:14,914,-0.13186365124134913
2026-01-01 00:15:15,915,-0.32237514542761847
2026-01-01 00:15:16,916,-0.16052388077095534
2026-01-01 00:15:17,917,0.17808653970972796
2026-01-01 00:15:18,918,-1.2767050299169573
2026-01-01 00:15:19,919,0.7768713608996822
2026-01-01 00:15:20,920,-0.8635117389848923
2026-01-01 00:15:21,921,-0.24432250200931985
2026-01-01 00:15:22,922,1.694863095612772
2026-01-01 00:15:23,923,-0.06352354756501268
2026-01-01 00:15:24,924,-1.574344067426327
2026-01-01 00:15:25,925,-1.4732173861873397
2026-01-01 00:15:26,926,-1.6977154677099726
2026-01-01 00:15:27,927,0.046460050195746345
2026-01-01 00:15:28,928,-0.06035001963038702
2026-01-01 00:15:29,929,-2.102460097680783
2026-01-01 00:15:30,930,-0.17704148056812036
2026-01-01 00:15:31,931,-0.21270625016278313
2026-01-01 00:15:32,932,-1.2906743901416968
2026-01-01 00:15:33,933,-0.011403570241437061
2026-01-01 00:15:34,934,-1.266795064163582
2026-01-01 00:15:35,935,0.027584705755095053
2026-01-01 00:15:36,936,-1.608512606785975
2026-01-01 00:15:37,937,0.21432048820472135
2026-01-01 00:15:38,938,-0.34409468653826236
2026-01-01 00:15:39,939,-1.4853693888851376
2026-01-01 00:15:40,940,0.002693731359696313
2026-01-01 00:15:41,941,1.9875105421453496
2026-01-01 00:15:42,942,1.6389897124951776
2026-01-01 00:15:43,943,0.033497380887532145
2026-01-01 00:15:44,944,-0.601957647179907
2026-01-01 00:15:45,945,-0.5360883526915151
2026-01-01 00:15:46,946,0.41210310377335335
2026-01-01 00:15:47,947,-0.6989387512288349
2026-01-01 00:15:48,948,-0.01842191643813083
2026-01-01 00:15:49,949,-0.6916794011618471
2026-01-01 00:15:50,950,0.20056067552187015
2026-01-01 00:15:51,951,-0.5349283338777474
2026-01-01 00:15:52,952,0.5294866847428894
2026-01-01 00:15:53,953,0.7124172893726676
2026-01-01 00:15:54,954,0.2880145914759783
2026-01-01 00:15:55,955,0.22367841122608795
2026-01-01 00:15:56,956,-0.6603105403421169
2026-01-01 00:15:57,957,-0.7662720619030309
2026-01-01 00:15:58,958,-1.4526537414326246
2026-01-01 00:15:59,959,-0.35212925387180677
2026-01-01 00:16:00,960,-0.6117147163143177
2026-01-01 00:16:01,961,0.27768000293351797
2026-01-01 00:16:02,962,0.5852065387892017
2026-01-01 00:16:03,963,-0.17619704476974823
2026-01-01 00:16:04,964,0.017141889528049126
2026-01-01 00:16:05,965,0.6815239169438299
2026-01-01 00:16:06,966,1.2245311626905064
2026-01-01 00:16:07,967,0.8608023936685962
2026-01-01 00:16:08,968,-0.45376005532922653
2026-01-01 00:16:09,969,0.4923648818202385
2026-01-01 00:16:10,970,0.40886523042000195
2026-01-01 00:16:11,971,0.4302485048119979
2026-01-01 00:16:12,972,0.07971667746345233
2026-01-01 00:16:13,973,0.130143021695651
2026-01-01 00:16:14,974,-0.5138003737065783
2026-01-01 00:16:15,975,2.326878349930388
2026-01-01 00:16:16,976,0.0031160303803797916
2026-01-01 00:16:17,977,0.13187132111810476
2026-01-01 00:16:18,978,2.5077618182863795
2026-01-01 00:16:19,979,-0.5648385095046158
2026-01-01 00:16:20,980,0.33916691395581283
2026-01-01 00:16:21,981,-1.6677668480512955
2026-01-01 00:16:22,982,-0.6758111478599161
2026-01-01 00:16:23,983,-0.47089624373148575
2026-01-01 00:16:24,984,1.3609561362294196
2026-01-01 00:16:25,985,0.8063480137288158
2026-01-01 00:16:26,986,-0.10326980676775467
2026-01-01 00:16:27,987,-0.8408769558821777
2026-01-01 00:16:28,988,-0.21326620047223901
2026-01-01 00:16:29,989,0.232997505454535
2026-01-01 00:16:30,990,-0.3993565571816712
2026-01-01 00:16:31,991,0.1157243013035797
2026-01-01 00:16:32,992,-1.2260760733780958
2026-01-01 00:16:33,993,-0.06529250654504938
2026-01-01 00:16:34,994,-0.5210549660665871
2026-01-01 00:16:35,995,1.5394327406304529
2026-01-01 00:16:36,996,-2.4905997797564963
2026-01-01 00:16:37,997,-1.010878433215253
2026-01-01 00:16:38,998,-0.5396806880052392
2026-01-01 00:16:39,999,-2.0774414015403466
